{"succeeded": 9, "attempts": 7.454545454545454, "examples_right": 6.090909090909091, "max_attempts": 10, "max_examples": 10, "failed": 13}