{"succeeded": 9, "attempts": 7.333333333333333, "examples_right": 6.0476190476190474, "max_attempts": 10, "max_examples": 10, "failed": 12}