{"succeeded": 19, "attempts": 2.5714285714285716, "examples_right": 9.142857142857142, "max_attempts": 10, "max_examples": 10, "failed": 2}