{"succeeded": 19, "attempts": 2.909090909090909, "examples_right": 9.045454545454545, "max_attempts": 10, "max_examples": 10, "failed": 3}