{"succeeded": 12, "attempts": 5.9523809523809526, "examples_right": 7.095238095238095, "max_attempts": 10, "max_examples": 10, "failed": 9}