{"succeeded": 12, "attempts": 6.136363636363637, "examples_right": 6.863636363636363, "max_attempts": 10, "max_examples": 10, "failed": 10}