{"succeeded": 16, "attempts": 4.428571428571429, "examples_right": 8.619047619047619, "max_attempts": 10, "max_examples": 10, "failed": 5}