{"succeeded": 16, "attempts": 4.681818181818182, "examples_right": 8.409090909090908, "max_attempts": 10, "max_examples": 10, "failed": 6}